<?xml version="1.0" encoding="ISO-8859-15"?>
<uc-export clientvers="11.2.0+build.7957">
<DOCU name="PCK.AUTOMIC_AIX.PUB.DOC">
<HEADER state="1">
<Title/>
<ArchiveKey1/>
<ArchiveKey2/>
<OH_SubType/>
</HEADER>
<DOCU_Docu state="1" type="text">
<DOC><![CDATA[These actions install, upgrade, remove and query installed packages on your AIX host. 

=Supported versions=

See http://docs.automic.com/compatibility?len=Package.AIX&comp=PCK.AUTOMIC_AIX&version=1.0.1

=Rollback=

The actions getting some system information don't need rollbacks, because they do not change the state of your system. Such a method is QUERY.

Actions potentially changing the state of your system (CLEANUP, COMMIT, INSTALL, REJECT, REMOVE) do not have rollbacks defined yet.

]]></DOC>
</DOCU_Docu>
</DOCU>
</uc-export>